drug_id,protein_id,label
Imatinib_1,Cancer_ABL1_v0,1
Imatinib_2,Cancer_ABL1_v0,1
Imatinib_2,Antibiotic_PBP_v0,0
Imatinib_3,Cancer_ABL1_v0,1
Imatinib_3,Pain_COX2_v0,0
Imatinib_4,Cancer_ABL1_v0,1
Imatinib_5,Cancer_ABL1_v0,1
Imatinib_5,Diabetes_AMPK_v0,0
Nilotinib_6,Cancer_ABL1_v0,1
Nilotinib_6,Antibiotic_PBP_v0,0
Nilotinib_7,Cancer_ABL1_v0,1
Nilotinib_7,Mental_SERT_v0,0
Nilotinib_8,Cancer_ABL1_v0,1
Nilotinib_8,Diabetes_AMPK_v0,0
Nilotinib_9,Cancer_ABL1_v0,1
Nilotinib_10,Cancer_ABL1_v0,1
Nilotinib_10,Mental_SERT_v0,0
Imatinib_11,Cancer_ABL1_v1,1
Imatinib_11,Diabetes_AMPK_v0,0
Imatinib_12,Cancer_ABL1_v1,1
Imatinib_12,Diabetes_AMPK_v0,0
Imatinib_13,Cancer_ABL1_v1,1
Imatinib_13,Diabetes_AMPK_v0,0
Imatinib_14,Cancer_ABL1_v1,1
Imatinib_14,Diabetes_AMPK_v0,0
Imatinib_15,Cancer_ABL1_v1,1
Imatinib_15,Diabetes_AMPK_v0,0
Nilotinib_16,Cancer_ABL1_v1,1
Nilotinib_16,Diabetes_AMPK_v0,0
Nilotinib_17,Cancer_ABL1_v1,1
Nilotinib_17,Antibiotic_PBP_v0,0
Nilotinib_18,Cancer_ABL1_v1,1
Nilotinib_18,Diabetes_AMPK_v0,0
Nilotinib_19,Cancer_ABL1_v1,1
Nilotinib_19,Antibiotic_PBP_v0,0
Nilotinib_20,Cancer_ABL1_v1,1
Nilotinib_20,Pain_COX2_v0,0
Imatinib_21,Cancer_ABL1_v2,1
Imatinib_21,Diabetes_AMPK_v0,0
Imatinib_22,Cancer_ABL1_v2,1
Imatinib_22,Pain_COX2_v0,0
Imatinib_23,Cancer_ABL1_v2,1
Imatinib_24,Cancer_ABL1_v2,1
Imatinib_24,Antibiotic_PBP_v0,0
Imatinib_25,Cancer_ABL1_v2,1
Imatinib_25,Pain_COX2_v0,0
Nilotinib_26,Cancer_ABL1_v2,1
Nilotinib_26,Pain_COX2_v0,0
Nilotinib_27,Cancer_ABL1_v2,1
Nilotinib_27,Pain_COX2_v0,0
Nilotinib_28,Cancer_ABL1_v2,1
Nilotinib_28,Antibiotic_PBP_v0,0
Nilotinib_29,Cancer_ABL1_v2,1
Nilotinib_29,Antibiotic_PBP_v0,0
Nilotinib_30,Cancer_ABL1_v2,1
Nilotinib_30,Diabetes_AMPK_v0,0
Imatinib_31,Cancer_ABL1_v3,1
Imatinib_31,Pain_COX2_v0,0
Imatinib_32,Cancer_ABL1_v3,1
Imatinib_33,Cancer_ABL1_v3,1
Imatinib_33,Pain_COX2_v0,0
Imatinib_34,Cancer_ABL1_v3,1
Imatinib_34,Diabetes_AMPK_v0,0
Imatinib_35,Cancer_ABL1_v3,1
Imatinib_35,Diabetes_AMPK_v0,0
Nilotinib_36,Cancer_ABL1_v3,1
Nilotinib_36,Pain_COX2_v0,0
Nilotinib_37,Cancer_ABL1_v3,1
Nilotinib_38,Cancer_ABL1_v3,1
Nilotinib_39,Cancer_ABL1_v3,1
Nilotinib_39,Mental_SERT_v0,0
Nilotinib_40,Cancer_ABL1_v3,1
Nilotinib_40,Diabetes_AMPK_v0,0
Imatinib_41,Cancer_ABL1_v4,1
Imatinib_41,Antibiotic_PBP_v0,0
Imatinib_42,Cancer_ABL1_v4,1
Imatinib_42,Antibiotic_PBP_v0,0
Imatinib_43,Cancer_ABL1_v4,1
Imatinib_43,Diabetes_AMPK_v0,0
Imatinib_44,Cancer_ABL1_v4,1
Imatinib_44,Diabetes_AMPK_v0,0
Imatinib_45,Cancer_ABL1_v4,1
Imatinib_45,Mental_SERT_v0,0
Nilotinib_46,Cancer_ABL1_v4,1
Nilotinib_47,Cancer_ABL1_v4,1
Nilotinib_47,Diabetes_AMPK_v0,0
Nilotinib_48,Cancer_ABL1_v4,1
Nilotinib_48,Pain_COX2_v0,0
Nilotinib_49,Cancer_ABL1_v4,1
Nilotinib_49,Mental_SERT_v0,0
Nilotinib_50,Cancer_ABL1_v4,1
Imatinib_51,Cancer_ABL1_v5,1
Imatinib_51,Mental_SERT_v0,0
Imatinib_52,Cancer_ABL1_v5,1
Imatinib_52,Antibiotic_PBP_v0,0
Imatinib_53,Cancer_ABL1_v5,1
Imatinib_54,Cancer_ABL1_v5,1
Imatinib_55,Cancer_ABL1_v5,1
Imatinib_55,Diabetes_AMPK_v0,0
Nilotinib_56,Cancer_ABL1_v5,1
Nilotinib_56,Pain_COX2_v0,0
Nilotinib_57,Cancer_ABL1_v5,1
Nilotinib_57,Pain_COX2_v0,0
Nilotinib_58,Cancer_ABL1_v5,1
Nilotinib_58,Antibiotic_PBP_v0,0
Nilotinib_59,Cancer_ABL1_v5,1
Nilotinib_59,Mental_SERT_v0,0
Nilotinib_60,Cancer_ABL1_v5,1
Nilotinib_60,Mental_SERT_v0,0
Imatinib_61,Cancer_ABL1_v6,1
Imatinib_61,Antibiotic_PBP_v0,0
Imatinib_62,Cancer_ABL1_v6,1
Imatinib_62,Diabetes_AMPK_v0,0
Imatinib_63,Cancer_ABL1_v6,1
Imatinib_63,Mental_SERT_v0,0
Imatinib_64,Cancer_ABL1_v6,1
Imatinib_65,Cancer_ABL1_v6,1
Imatinib_65,Mental_SERT_v0,0
Nilotinib_66,Cancer_ABL1_v6,1
Nilotinib_66,Diabetes_AMPK_v0,0
Nilotinib_67,Cancer_ABL1_v6,1
Nilotinib_68,Cancer_ABL1_v6,1
Nilotinib_68,Mental_SERT_v0,0
Nilotinib_69,Cancer_ABL1_v6,1
Nilotinib_69,Antibiotic_PBP_v0,0
Nilotinib_70,Cancer_ABL1_v6,1
Nilotinib_70,Diabetes_AMPK_v0,0
Imatinib_71,Cancer_ABL1_v7,1
Imatinib_71,Mental_SERT_v0,0
Imatinib_72,Cancer_ABL1_v7,1
Imatinib_72,Diabetes_AMPK_v0,0
Imatinib_73,Cancer_ABL1_v7,1
Imatinib_73,Antibiotic_PBP_v0,0
Imatinib_74,Cancer_ABL1_v7,1
Imatinib_74,Diabetes_AMPK_v0,0
Imatinib_75,Cancer_ABL1_v7,1
Imatinib_75,Mental_SERT_v0,0
Nilotinib_76,Cancer_ABL1_v7,1
Nilotinib_76,Pain_COX2_v0,0
Nilotinib_77,Cancer_ABL1_v7,1
Nilotinib_77,Diabetes_AMPK_v0,0
Nilotinib_78,Cancer_ABL1_v7,1
Nilotinib_78,Mental_SERT_v0,0
Nilotinib_79,Cancer_ABL1_v7,1
Nilotinib_79,Pain_COX2_v0,0
Nilotinib_80,Cancer_ABL1_v7,1
Nilotinib_80,Antibiotic_PBP_v0,0
Imatinib_81,Cancer_ABL1_v8,1
Imatinib_81,Diabetes_AMPK_v0,0
Imatinib_82,Cancer_ABL1_v8,1
Imatinib_82,Pain_COX2_v0,0
Imatinib_83,Cancer_ABL1_v8,1
Imatinib_83,Antibiotic_PBP_v0,0
Imatinib_84,Cancer_ABL1_v8,1
Imatinib_85,Cancer_ABL1_v8,1
Nilotinib_86,Cancer_ABL1_v8,1
Nilotinib_86,Mental_SERT_v0,0
Nilotinib_87,Cancer_ABL1_v8,1
Nilotinib_87,Antibiotic_PBP_v0,0
Nilotinib_88,Cancer_ABL1_v8,1
Nilotinib_89,Cancer_ABL1_v8,1
Nilotinib_89,Pain_COX2_v0,0
Nilotinib_90,Cancer_ABL1_v8,1
Nilotinib_90,Antibiotic_PBP_v0,0
Imatinib_91,Cancer_ABL1_v9,1
Imatinib_91,Pain_COX2_v0,0
Imatinib_92,Cancer_ABL1_v9,1
Imatinib_92,Diabetes_AMPK_v0,0
Imatinib_93,Cancer_ABL1_v9,1
Imatinib_93,Mental_SERT_v0,0
Imatinib_94,Cancer_ABL1_v9,1
Imatinib_94,Pain_COX2_v0,0
Imatinib_95,Cancer_ABL1_v9,1
Imatinib_95,Pain_COX2_v0,0
Nilotinib_96,Cancer_ABL1_v9,1
Nilotinib_96,Diabetes_AMPK_v0,0
Nilotinib_97,Cancer_ABL1_v9,1
Nilotinib_97,Antibiotic_PBP_v0,0
Nilotinib_98,Cancer_ABL1_v9,1
Nilotinib_98,Pain_COX2_v0,0
Nilotinib_99,Cancer_ABL1_v9,1
Nilotinib_99,Pain_COX2_v0,0
Nilotinib_100,Cancer_ABL1_v9,1
Nilotinib_100,Diabetes_AMPK_v0,0
Imatinib_101,Cancer_ABL1_v10,1
Imatinib_102,Cancer_ABL1_v10,1
Imatinib_102,Antibiotic_PBP_v0,0
Imatinib_103,Cancer_ABL1_v10,1
Imatinib_104,Cancer_ABL1_v10,1
Imatinib_104,Pain_COX2_v0,0
Imatinib_105,Cancer_ABL1_v10,1
Nilotinib_106,Cancer_ABL1_v10,1
Nilotinib_106,Mental_SERT_v0,0
Nilotinib_107,Cancer_ABL1_v10,1
Nilotinib_108,Cancer_ABL1_v10,1
Nilotinib_108,Mental_SERT_v0,0
Nilotinib_109,Cancer_ABL1_v10,1
Nilotinib_109,Pain_COX2_v0,0
Nilotinib_110,Cancer_ABL1_v10,1
Nilotinib_110,Antibiotic_PBP_v0,0
Imatinib_111,Cancer_ABL1_v11,1
Imatinib_112,Cancer_ABL1_v11,1
Imatinib_112,Pain_COX2_v0,0
Imatinib_113,Cancer_ABL1_v11,1
Imatinib_113,Diabetes_AMPK_v0,0
Imatinib_114,Cancer_ABL1_v11,1
Imatinib_114,Pain_COX2_v0,0
Imatinib_115,Cancer_ABL1_v11,1
Nilotinib_116,Cancer_ABL1_v11,1
Nilotinib_116,Mental_SERT_v0,0
Nilotinib_117,Cancer_ABL1_v11,1
Nilotinib_117,Pain_COX2_v0,0
Nilotinib_118,Cancer_ABL1_v11,1
Nilotinib_119,Cancer_ABL1_v11,1
Nilotinib_119,Pain_COX2_v0,0
Nilotinib_120,Cancer_ABL1_v11,1
Nilotinib_120,Mental_SERT_v0,0
Imatinib_121,Cancer_ABL1_v12,1
Imatinib_121,Antibiotic_PBP_v0,0
Imatinib_122,Cancer_ABL1_v12,1
Imatinib_122,Diabetes_AMPK_v0,0
Imatinib_123,Cancer_ABL1_v12,1
Imatinib_123,Mental_SERT_v0,0
Imatinib_124,Cancer_ABL1_v12,1
Imatinib_124,Diabetes_AMPK_v0,0
Imatinib_125,Cancer_ABL1_v12,1
Imatinib_125,Antibiotic_PBP_v0,0
Nilotinib_126,Cancer_ABL1_v12,1
Nilotinib_127,Cancer_ABL1_v12,1
Nilotinib_127,Pain_COX2_v0,0
Nilotinib_128,Cancer_ABL1_v12,1
Nilotinib_128,Antibiotic_PBP_v0,0
Nilotinib_129,Cancer_ABL1_v12,1
Nilotinib_129,Antibiotic_PBP_v0,0
Nilotinib_130,Cancer_ABL1_v12,1
Imatinib_131,Cancer_ABL1_v13,1
Imatinib_131,Pain_COX2_v0,0
Imatinib_132,Cancer_ABL1_v13,1
Imatinib_132,Mental_SERT_v0,0
Imatinib_133,Cancer_ABL1_v13,1
Imatinib_133,Diabetes_AMPK_v0,0
Imatinib_134,Cancer_ABL1_v13,1
Imatinib_134,Pain_COX2_v0,0
Imatinib_135,Cancer_ABL1_v13,1
Imatinib_135,Mental_SERT_v0,0
Nilotinib_136,Cancer_ABL1_v13,1
Nilotinib_136,Diabetes_AMPK_v0,0
Nilotinib_137,Cancer_ABL1_v13,1
Nilotinib_137,Diabetes_AMPK_v0,0
Nilotinib_138,Cancer_ABL1_v13,1
Nilotinib_138,Antibiotic_PBP_v0,0
Nilotinib_139,Cancer_ABL1_v13,1
Nilotinib_140,Cancer_ABL1_v13,1
Nilotinib_140,Pain_COX2_v0,0
Imatinib_141,Cancer_ABL1_v14,1
Imatinib_141,Diabetes_AMPK_v0,0
Imatinib_142,Cancer_ABL1_v14,1
Imatinib_143,Cancer_ABL1_v14,1
Imatinib_143,Mental_SERT_v0,0
Imatinib_144,Cancer_ABL1_v14,1
Imatinib_144,Pain_COX2_v0,0
Imatinib_145,Cancer_ABL1_v14,1
Imatinib_145,Pain_COX2_v0,0
Nilotinib_146,Cancer_ABL1_v14,1
Nilotinib_146,Pain_COX2_v0,0
Nilotinib_147,Cancer_ABL1_v14,1
Nilotinib_147,Antibiotic_PBP_v0,0
Nilotinib_148,Cancer_ABL1_v14,1
Nilotinib_148,Pain_COX2_v0,0
Nilotinib_149,Cancer_ABL1_v14,1
Nilotinib_149,Mental_SERT_v0,0
Nilotinib_150,Cancer_ABL1_v14,1
Nilotinib_150,Diabetes_AMPK_v0,0
Aspirin_151,Pain_COX2_v0,1
Aspirin_151,Diabetes_AMPK_v0,0
Aspirin_152,Pain_COX2_v0,1
Aspirin_152,Antibiotic_PBP_v0,0
Aspirin_153,Pain_COX2_v0,1
Aspirin_153,Cancer_ABL1_v0,0
Aspirin_154,Pain_COX2_v0,1
Aspirin_154,Mental_SERT_v0,0
Aspirin_155,Pain_COX2_v0,1
Aspirin_155,Antibiotic_PBP_v0,0
Ibuprofen_156,Pain_COX2_v0,1
Ibuprofen_157,Pain_COX2_v0,1
Ibuprofen_157,Mental_SERT_v0,0
Ibuprofen_158,Pain_COX2_v0,1
Ibuprofen_159,Pain_COX2_v0,1
Ibuprofen_159,Mental_SERT_v0,0
Ibuprofen_160,Pain_COX2_v0,1
Ibuprofen_160,Mental_SERT_v0,0
Aspirin_161,Pain_COX2_v1,1
Aspirin_162,Pain_COX2_v1,1
Aspirin_163,Pain_COX2_v1,1
Aspirin_163,Mental_SERT_v0,0
Aspirin_164,Pain_COX2_v1,1
Aspirin_164,Cancer_ABL1_v0,0
Aspirin_165,Pain_COX2_v1,1
Aspirin_165,Cancer_ABL1_v0,0
Ibuprofen_166,Pain_COX2_v1,1
Ibuprofen_166,Cancer_ABL1_v0,0
Ibuprofen_167,Pain_COX2_v1,1
Ibuprofen_167,Antibiotic_PBP_v0,0
Ibuprofen_168,Pain_COX2_v1,1
Ibuprofen_168,Cancer_ABL1_v0,0
Ibuprofen_169,Pain_COX2_v1,1
Ibuprofen_169,Cancer_ABL1_v0,0
Ibuprofen_170,Pain_COX2_v1,1
Ibuprofen_170,Antibiotic_PBP_v0,0
Aspirin_171,Pain_COX2_v2,1
Aspirin_171,Mental_SERT_v0,0
Aspirin_172,Pain_COX2_v2,1
Aspirin_172,Mental_SERT_v0,0
Aspirin_173,Pain_COX2_v2,1
Aspirin_173,Antibiotic_PBP_v0,0
Aspirin_174,Pain_COX2_v2,1
Aspirin_174,Diabetes_AMPK_v0,0
Aspirin_175,Pain_COX2_v2,1
Aspirin_175,Diabetes_AMPK_v0,0
Ibuprofen_176,Pain_COX2_v2,1
Ibuprofen_177,Pain_COX2_v2,1
Ibuprofen_177,Cancer_ABL1_v0,0
Ibuprofen_178,Pain_COX2_v2,1
Ibuprofen_178,Cancer_ABL1_v0,0
Ibuprofen_179,Pain_COX2_v2,1
Ibuprofen_179,Diabetes_AMPK_v0,0
Ibuprofen_180,Pain_COX2_v2,1
Aspirin_181,Pain_COX2_v3,1
Aspirin_181,Cancer_ABL1_v0,0
Aspirin_182,Pain_COX2_v3,1
Aspirin_182,Cancer_ABL1_v0,0
Aspirin_183,Pain_COX2_v3,1
Aspirin_183,Diabetes_AMPK_v0,0
Aspirin_184,Pain_COX2_v3,1
Aspirin_185,Pain_COX2_v3,1
Aspirin_185,Cancer_ABL1_v0,0
Ibuprofen_186,Pain_COX2_v3,1
Ibuprofen_186,Antibiotic_PBP_v0,0
Ibuprofen_187,Pain_COX2_v3,1
Ibuprofen_187,Mental_SERT_v0,0
Ibuprofen_188,Pain_COX2_v3,1
Ibuprofen_188,Antibiotic_PBP_v0,0
Ibuprofen_189,Pain_COX2_v3,1
Ibuprofen_189,Diabetes_AMPK_v0,0
Ibuprofen_190,Pain_COX2_v3,1
Ibuprofen_190,Mental_SERT_v0,0
Aspirin_191,Pain_COX2_v4,1
Aspirin_192,Pain_COX2_v4,1
Aspirin_192,Antibiotic_PBP_v0,0
Aspirin_193,Pain_COX2_v4,1
Aspirin_193,Cancer_ABL1_v0,0
Aspirin_194,Pain_COX2_v4,1
Aspirin_194,Diabetes_AMPK_v0,0
Aspirin_195,Pain_COX2_v4,1
Aspirin_195,Mental_SERT_v0,0
Ibuprofen_196,Pain_COX2_v4,1
Ibuprofen_197,Pain_COX2_v4,1
Ibuprofen_197,Mental_SERT_v0,0
Ibuprofen_198,Pain_COX2_v4,1
Ibuprofen_198,Antibiotic_PBP_v0,0
Ibuprofen_199,Pain_COX2_v4,1
Ibuprofen_199,Antibiotic_PBP_v0,0
Ibuprofen_200,Pain_COX2_v4,1
Aspirin_201,Pain_COX2_v5,1
Aspirin_201,Antibiotic_PBP_v0,0
Aspirin_202,Pain_COX2_v5,1
Aspirin_202,Antibiotic_PBP_v0,0
Aspirin_203,Pain_COX2_v5,1
Aspirin_203,Diabetes_AMPK_v0,0
Aspirin_204,Pain_COX2_v5,1
Aspirin_205,Pain_COX2_v5,1
Aspirin_205,Mental_SERT_v0,0
Ibuprofen_206,Pain_COX2_v5,1
Ibuprofen_206,Antibiotic_PBP_v0,0
Ibuprofen_207,Pain_COX2_v5,1
Ibuprofen_207,Antibiotic_PBP_v0,0
Ibuprofen_208,Pain_COX2_v5,1
Ibuprofen_209,Pain_COX2_v5,1
Ibuprofen_209,Diabetes_AMPK_v0,0
Ibuprofen_210,Pain_COX2_v5,1
Ibuprofen_210,Cancer_ABL1_v0,0
Aspirin_211,Pain_COX2_v6,1
Aspirin_212,Pain_COX2_v6,1
Aspirin_212,Cancer_ABL1_v0,0
Aspirin_213,Pain_COX2_v6,1
Aspirin_213,Mental_SERT_v0,0
Aspirin_214,Pain_COX2_v6,1
Aspirin_214,Cancer_ABL1_v0,0
Aspirin_215,Pain_COX2_v6,1
Ibuprofen_216,Pain_COX2_v6,1
Ibuprofen_216,Diabetes_AMPK_v0,0
Ibuprofen_217,Pain_COX2_v6,1
Ibuprofen_218,Pain_COX2_v6,1
Ibuprofen_218,Cancer_ABL1_v0,0
Ibuprofen_219,Pain_COX2_v6,1
Ibuprofen_219,Mental_SERT_v0,0
Ibuprofen_220,Pain_COX2_v6,1
Aspirin_221,Pain_COX2_v7,1
Aspirin_221,Antibiotic_PBP_v0,0
Aspirin_222,Pain_COX2_v7,1
Aspirin_222,Mental_SERT_v0,0
Aspirin_223,Pain_COX2_v7,1
Aspirin_223,Cancer_ABL1_v0,0
Aspirin_224,Pain_COX2_v7,1
Aspirin_224,Cancer_ABL1_v0,0
Aspirin_225,Pain_COX2_v7,1
Ibuprofen_226,Pain_COX2_v7,1
Ibuprofen_226,Mental_SERT_v0,0
Ibuprofen_227,Pain_COX2_v7,1
Ibuprofen_227,Antibiotic_PBP_v0,0
Ibuprofen_228,Pain_COX2_v7,1
Ibuprofen_228,Mental_SERT_v0,0
Ibuprofen_229,Pain_COX2_v7,1
Ibuprofen_229,Cancer_ABL1_v0,0
Ibuprofen_230,Pain_COX2_v7,1
Aspirin_231,Pain_COX2_v8,1
Aspirin_231,Mental_SERT_v0,0
Aspirin_232,Pain_COX2_v8,1
Aspirin_232,Mental_SERT_v0,0
Aspirin_233,Pain_COX2_v8,1
Aspirin_233,Diabetes_AMPK_v0,0
Aspirin_234,Pain_COX2_v8,1
Aspirin_234,Cancer_ABL1_v0,0
Aspirin_235,Pain_COX2_v8,1
Aspirin_235,Antibiotic_PBP_v0,0
Ibuprofen_236,Pain_COX2_v8,1
Ibuprofen_236,Mental_SERT_v0,0
Ibuprofen_237,Pain_COX2_v8,1
Ibuprofen_237,Diabetes_AMPK_v0,0
Ibuprofen_238,Pain_COX2_v8,1
Ibuprofen_238,Mental_SERT_v0,0
Ibuprofen_239,Pain_COX2_v8,1
Ibuprofen_239,Cancer_ABL1_v0,0
Ibuprofen_240,Pain_COX2_v8,1
Aspirin_241,Pain_COX2_v9,1
Aspirin_241,Diabetes_AMPK_v0,0
Aspirin_242,Pain_COX2_v9,1
Aspirin_242,Diabetes_AMPK_v0,0
Aspirin_243,Pain_COX2_v9,1
Aspirin_243,Antibiotic_PBP_v0,0
Aspirin_244,Pain_COX2_v9,1
Aspirin_244,Antibiotic_PBP_v0,0
Aspirin_245,Pain_COX2_v9,1
Aspirin_245,Antibiotic_PBP_v0,0
Ibuprofen_246,Pain_COX2_v9,1
Ibuprofen_246,Cancer_ABL1_v0,0
Ibuprofen_247,Pain_COX2_v9,1
Ibuprofen_247,Mental_SERT_v0,0
Ibuprofen_248,Pain_COX2_v9,1
Ibuprofen_248,Mental_SERT_v0,0
Ibuprofen_249,Pain_COX2_v9,1
Ibuprofen_250,Pain_COX2_v9,1
Aspirin_251,Pain_COX2_v10,1
Aspirin_251,Antibiotic_PBP_v0,0
Aspirin_252,Pain_COX2_v10,1
Aspirin_252,Antibiotic_PBP_v0,0
Aspirin_253,Pain_COX2_v10,1
Aspirin_254,Pain_COX2_v10,1
Aspirin_254,Mental_SERT_v0,0
Aspirin_255,Pain_COX2_v10,1
Ibuprofen_256,Pain_COX2_v10,1
Ibuprofen_256,Diabetes_AMPK_v0,0
Ibuprofen_257,Pain_COX2_v10,1
Ibuprofen_257,Mental_SERT_v0,0
Ibuprofen_258,Pain_COX2_v10,1
Ibuprofen_258,Diabetes_AMPK_v0,0
Ibuprofen_259,Pain_COX2_v10,1
Ibuprofen_260,Pain_COX2_v10,1
Ibuprofen_260,Cancer_ABL1_v0,0
Aspirin_261,Pain_COX2_v11,1
Aspirin_261,Cancer_ABL1_v0,0
Aspirin_262,Pain_COX2_v11,1
Aspirin_262,Cancer_ABL1_v0,0
Aspirin_263,Pain_COX2_v11,1
Aspirin_263,Diabetes_AMPK_v0,0
Aspirin_264,Pain_COX2_v11,1
Aspirin_264,Cancer_ABL1_v0,0
Aspirin_265,Pain_COX2_v11,1
Aspirin_265,Mental_SERT_v0,0
Ibuprofen_266,Pain_COX2_v11,1
Ibuprofen_266,Diabetes_AMPK_v0,0
Ibuprofen_267,Pain_COX2_v11,1
Ibuprofen_267,Cancer_ABL1_v0,0
Ibuprofen_268,Pain_COX2_v11,1
Ibuprofen_268,Cancer_ABL1_v0,0
Ibuprofen_269,Pain_COX2_v11,1
Ibuprofen_269,Diabetes_AMPK_v0,0
Ibuprofen_270,Pain_COX2_v11,1
Ibuprofen_270,Antibiotic_PBP_v0,0
Aspirin_271,Pain_COX2_v12,1
Aspirin_271,Antibiotic_PBP_v0,0
Aspirin_272,Pain_COX2_v12,1
Aspirin_272,Cancer_ABL1_v0,0
Aspirin_273,Pain_COX2_v12,1
Aspirin_274,Pain_COX2_v12,1
Aspirin_274,Diabetes_AMPK_v0,0
Aspirin_275,Pain_COX2_v12,1
Aspirin_275,Antibiotic_PBP_v0,0
Ibuprofen_276,Pain_COX2_v12,1
Ibuprofen_276,Diabetes_AMPK_v0,0
Ibuprofen_277,Pain_COX2_v12,1
Ibuprofen_277,Cancer_ABL1_v0,0
Ibuprofen_278,Pain_COX2_v12,1
Ibuprofen_278,Cancer_ABL1_v0,0
Ibuprofen_279,Pain_COX2_v12,1
Ibuprofen_279,Antibiotic_PBP_v0,0
Ibuprofen_280,Pain_COX2_v12,1
Ibuprofen_280,Cancer_ABL1_v0,0
Aspirin_281,Pain_COX2_v13,1
Aspirin_281,Antibiotic_PBP_v0,0
Aspirin_282,Pain_COX2_v13,1
Aspirin_283,Pain_COX2_v13,1
Aspirin_283,Antibiotic_PBP_v0,0
Aspirin_284,Pain_COX2_v13,1
Aspirin_284,Cancer_ABL1_v0,0
Aspirin_285,Pain_COX2_v13,1
Ibuprofen_286,Pain_COX2_v13,1
Ibuprofen_286,Diabetes_AMPK_v0,0
Ibuprofen_287,Pain_COX2_v13,1
Ibuprofen_287,Diabetes_AMPK_v0,0
Ibuprofen_288,Pain_COX2_v13,1
Ibuprofen_288,Mental_SERT_v0,0
Ibuprofen_289,Pain_COX2_v13,1
Ibuprofen_289,Antibiotic_PBP_v0,0
Ibuprofen_290,Pain_COX2_v13,1
Aspirin_291,Pain_COX2_v14,1
Aspirin_291,Mental_SERT_v0,0
Aspirin_292,Pain_COX2_v14,1
Aspirin_293,Pain_COX2_v14,1
Aspirin_293,Mental_SERT_v0,0
Aspirin_294,Pain_COX2_v14,1
Aspirin_294,Diabetes_AMPK_v0,0
Aspirin_295,Pain_COX2_v14,1
Ibuprofen_296,Pain_COX2_v14,1
Ibuprofen_296,Antibiotic_PBP_v0,0
Ibuprofen_297,Pain_COX2_v14,1
Ibuprofen_297,Diabetes_AMPK_v0,0
Ibuprofen_298,Pain_COX2_v14,1
Ibuprofen_299,Pain_COX2_v14,1
Ibuprofen_299,Mental_SERT_v0,0
Ibuprofen_300,Pain_COX2_v14,1
Ibuprofen_300,Cancer_ABL1_v0,0
Metformin_301,Diabetes_AMPK_v0,1
Metformin_301,Antibiotic_PBP_v0,0
Metformin_302,Diabetes_AMPK_v0,1
Metformin_302,Cancer_ABL1_v0,0
Metformin_303,Diabetes_AMPK_v0,1
Metformin_303,Mental_SERT_v0,0
Metformin_304,Diabetes_AMPK_v0,1
Metformin_304,Cancer_ABL1_v0,0
Metformin_305,Diabetes_AMPK_v0,1
Metformin_305,Mental_SERT_v0,0
Glipizide_306,Diabetes_AMPK_v0,1
Glipizide_306,Pain_COX2_v0,0
Glipizide_307,Diabetes_AMPK_v0,1
Glipizide_307,Cancer_ABL1_v0,0
Glipizide_308,Diabetes_AMPK_v0,1
Glipizide_308,Pain_COX2_v0,0
Glipizide_309,Diabetes_AMPK_v0,1
Glipizide_310,Diabetes_AMPK_v0,1
Glipizide_310,Mental_SERT_v0,0
Metformin_311,Diabetes_AMPK_v1,1
Metformin_311,Cancer_ABL1_v0,0
Metformin_312,Diabetes_AMPK_v1,1
Metformin_312,Mental_SERT_v0,0
Metformin_313,Diabetes_AMPK_v1,1
Metformin_313,Pain_COX2_v0,0
Metformin_314,Diabetes_AMPK_v1,1
Metformin_314,Pain_COX2_v0,0
Metformin_315,Diabetes_AMPK_v1,1
Metformin_315,Cancer_ABL1_v0,0
Glipizide_316,Diabetes_AMPK_v1,1
Glipizide_317,Diabetes_AMPK_v1,1
Glipizide_317,Antibiotic_PBP_v0,0
Glipizide_318,Diabetes_AMPK_v1,1
Glipizide_318,Mental_SERT_v0,0
Glipizide_319,Diabetes_AMPK_v1,1
Glipizide_319,Cancer_ABL1_v0,0
Glipizide_320,Diabetes_AMPK_v1,1
Glipizide_320,Mental_SERT_v0,0
Metformin_321,Diabetes_AMPK_v2,1
Metformin_321,Pain_COX2_v0,0
Metformin_322,Diabetes_AMPK_v2,1
Metformin_322,Mental_SERT_v0,0
Metformin_323,Diabetes_AMPK_v2,1
Metformin_324,Diabetes_AMPK_v2,1
Metformin_324,Pain_COX2_v0,0
Metformin_325,Diabetes_AMPK_v2,1
Metformin_325,Cancer_ABL1_v0,0
Glipizide_326,Diabetes_AMPK_v2,1
Glipizide_327,Diabetes_AMPK_v2,1
Glipizide_327,Cancer_ABL1_v0,0
Glipizide_328,Diabetes_AMPK_v2,1
Glipizide_328,Cancer_ABL1_v0,0
Glipizide_329,Diabetes_AMPK_v2,1
Glipizide_329,Mental_SERT_v0,0
Glipizide_330,Diabetes_AMPK_v2,1
Glipizide_330,Antibiotic_PBP_v0,0
Metformin_331,Diabetes_AMPK_v3,1
Metformin_332,Diabetes_AMPK_v3,1
Metformin_333,Diabetes_AMPK_v3,1
Metformin_333,Antibiotic_PBP_v0,0
Metformin_334,Diabetes_AMPK_v3,1
Metformin_334,Antibiotic_PBP_v0,0
Metformin_335,Diabetes_AMPK_v3,1
Metformin_335,Pain_COX2_v0,0
Glipizide_336,Diabetes_AMPK_v3,1
Glipizide_336,Mental_SERT_v0,0
Glipizide_337,Diabetes_AMPK_v3,1
Glipizide_337,Antibiotic_PBP_v0,0
Glipizide_338,Diabetes_AMPK_v3,1
Glipizide_338,Antibiotic_PBP_v0,0
Glipizide_339,Diabetes_AMPK_v3,1
Glipizide_339,Antibiotic_PBP_v0,0
Glipizide_340,Diabetes_AMPK_v3,1
Glipizide_340,Pain_COX2_v0,0
Metformin_341,Diabetes_AMPK_v4,1
Metformin_341,Mental_SERT_v0,0
Metformin_342,Diabetes_AMPK_v4,1
Metformin_342,Mental_SERT_v0,0
Metformin_343,Diabetes_AMPK_v4,1
Metformin_343,Pain_COX2_v0,0
Metformin_344,Diabetes_AMPK_v4,1
Metformin_344,Antibiotic_PBP_v0,0
Metformin_345,Diabetes_AMPK_v4,1
Metformin_345,Mental_SERT_v0,0
Glipizide_346,Diabetes_AMPK_v4,1
Glipizide_346,Pain_COX2_v0,0
Glipizide_347,Diabetes_AMPK_v4,1
Glipizide_347,Pain_COX2_v0,0
Glipizide_348,Diabetes_AMPK_v4,1
Glipizide_349,Diabetes_AMPK_v4,1
Glipizide_349,Cancer_ABL1_v0,0
Glipizide_350,Diabetes_AMPK_v4,1
Metformin_351,Diabetes_AMPK_v5,1
Metformin_351,Antibiotic_PBP_v0,0
Metformin_352,Diabetes_AMPK_v5,1
Metformin_352,Cancer_ABL1_v0,0
Metformin_353,Diabetes_AMPK_v5,1
Metformin_353,Mental_SERT_v0,0
Metformin_354,Diabetes_AMPK_v5,1
Metformin_355,Diabetes_AMPK_v5,1
Metformin_355,Pain_COX2_v0,0
Glipizide_356,Diabetes_AMPK_v5,1
Glipizide_356,Mental_SERT_v0,0
Glipizide_357,Diabetes_AMPK_v5,1
Glipizide_358,Diabetes_AMPK_v5,1
Glipizide_359,Diabetes_AMPK_v5,1
Glipizide_359,Pain_COX2_v0,0
Glipizide_360,Diabetes_AMPK_v5,1
Glipizide_360,Antibiotic_PBP_v0,0
Metformin_361,Diabetes_AMPK_v6,1
Metformin_362,Diabetes_AMPK_v6,1
Metformin_362,Antibiotic_PBP_v0,0
Metformin_363,Diabetes_AMPK_v6,1
Metformin_363,Antibiotic_PBP_v0,0
Metformin_364,Diabetes_AMPK_v6,1
Metformin_364,Mental_SERT_v0,0
Metformin_365,Diabetes_AMPK_v6,1
Glipizide_366,Diabetes_AMPK_v6,1
Glipizide_366,Cancer_ABL1_v0,0
Glipizide_367,Diabetes_AMPK_v6,1
Glipizide_367,Pain_COX2_v0,0
Glipizide_368,Diabetes_AMPK_v6,1
Glipizide_369,Diabetes_AMPK_v6,1
Glipizide_369,Mental_SERT_v0,0
Glipizide_370,Diabetes_AMPK_v6,1
Glipizide_370,Pain_COX2_v0,0
Metformin_371,Diabetes_AMPK_v7,1
Metformin_371,Cancer_ABL1_v0,0
Metformin_372,Diabetes_AMPK_v7,1
Metformin_372,Mental_SERT_v0,0
Metformin_373,Diabetes_AMPK_v7,1
Metformin_374,Diabetes_AMPK_v7,1
Metformin_374,Mental_SERT_v0,0
Metformin_375,Diabetes_AMPK_v7,1
Glipizide_376,Diabetes_AMPK_v7,1
Glipizide_376,Mental_SERT_v0,0
Glipizide_377,Diabetes_AMPK_v7,1
Glipizide_377,Cancer_ABL1_v0,0
Glipizide_378,Diabetes_AMPK_v7,1
Glipizide_378,Antibiotic_PBP_v0,0
Glipizide_379,Diabetes_AMPK_v7,1
Glipizide_379,Pain_COX2_v0,0
Glipizide_380,Diabetes_AMPK_v7,1
Glipizide_380,Pain_COX2_v0,0
Metformin_381,Diabetes_AMPK_v8,1
Metformin_382,Diabetes_AMPK_v8,1
Metformin_382,Antibiotic_PBP_v0,0
Metformin_383,Diabetes_AMPK_v8,1
Metformin_383,Mental_SERT_v0,0
Metformin_384,Diabetes_AMPK_v8,1
Metformin_385,Diabetes_AMPK_v8,1
Glipizide_386,Diabetes_AMPK_v8,1
Glipizide_387,Diabetes_AMPK_v8,1
Glipizide_388,Diabetes_AMPK_v8,1
Glipizide_388,Mental_SERT_v0,0
Glipizide_389,Diabetes_AMPK_v8,1
Glipizide_389,Pain_COX2_v0,0
Glipizide_390,Diabetes_AMPK_v8,1
Glipizide_390,Pain_COX2_v0,0
Metformin_391,Diabetes_AMPK_v9,1
Metformin_391,Pain_COX2_v0,0
Metformin_392,Diabetes_AMPK_v9,1
Metformin_393,Diabetes_AMPK_v9,1
Metformin_393,Cancer_ABL1_v0,0
Metformin_394,Diabetes_AMPK_v9,1
Metformin_394,Cancer_ABL1_v0,0
Metformin_395,Diabetes_AMPK_v9,1
Metformin_395,Pain_COX2_v0,0
Glipizide_396,Diabetes_AMPK_v9,1
Glipizide_396,Antibiotic_PBP_v0,0
Glipizide_397,Diabetes_AMPK_v9,1
Glipizide_397,Antibiotic_PBP_v0,0
Glipizide_398,Diabetes_AMPK_v9,1
Glipizide_398,Mental_SERT_v0,0
Glipizide_399,Diabetes_AMPK_v9,1
Glipizide_399,Mental_SERT_v0,0
Glipizide_400,Diabetes_AMPK_v9,1
Metformin_401,Diabetes_AMPK_v10,1
Metformin_401,Mental_SERT_v0,0
Metformin_402,Diabetes_AMPK_v10,1
Metformin_402,Cancer_ABL1_v0,0
Metformin_403,Diabetes_AMPK_v10,1
Metformin_403,Mental_SERT_v0,0
Metformin_404,Diabetes_AMPK_v10,1
Metformin_404,Cancer_ABL1_v0,0
Metformin_405,Diabetes_AMPK_v10,1
Metformin_405,Cancer_ABL1_v0,0
Glipizide_406,Diabetes_AMPK_v10,1
Glipizide_406,Pain_COX2_v0,0
Glipizide_407,Diabetes_AMPK_v10,1
Glipizide_407,Cancer_ABL1_v0,0
Glipizide_408,Diabetes_AMPK_v10,1
Glipizide_408,Antibiotic_PBP_v0,0
Glipizide_409,Diabetes_AMPK_v10,1
Glipizide_409,Mental_SERT_v0,0
Glipizide_410,Diabetes_AMPK_v10,1
Glipizide_410,Pain_COX2_v0,0
Metformin_411,Diabetes_AMPK_v11,1
Metformin_411,Cancer_ABL1_v0,0
Metformin_412,Diabetes_AMPK_v11,1
Metformin_412,Antibiotic_PBP_v0,0
Metformin_413,Diabetes_AMPK_v11,1
Metformin_413,Cancer_ABL1_v0,0
Metformin_414,Diabetes_AMPK_v11,1
Metformin_414,Antibiotic_PBP_v0,0
Metformin_415,Diabetes_AMPK_v11,1
Glipizide_416,Diabetes_AMPK_v11,1
Glipizide_416,Mental_SERT_v0,0
Glipizide_417,Diabetes_AMPK_v11,1
Glipizide_417,Mental_SERT_v0,0
Glipizide_418,Diabetes_AMPK_v11,1
Glipizide_418,Mental_SERT_v0,0
Glipizide_419,Diabetes_AMPK_v11,1
Glipizide_420,Diabetes_AMPK_v11,1
Glipizide_420,Cancer_ABL1_v0,0
Metformin_421,Diabetes_AMPK_v12,1
Metformin_421,Cancer_ABL1_v0,0
Metformin_422,Diabetes_AMPK_v12,1
Metformin_422,Cancer_ABL1_v0,0
Metformin_423,Diabetes_AMPK_v12,1
Metformin_423,Cancer_ABL1_v0,0
Metformin_424,Diabetes_AMPK_v12,1
Metformin_424,Cancer_ABL1_v0,0
Metformin_425,Diabetes_AMPK_v12,1
Metformin_425,Cancer_ABL1_v0,0
Glipizide_426,Diabetes_AMPK_v12,1
Glipizide_427,Diabetes_AMPK_v12,1
Glipizide_428,Diabetes_AMPK_v12,1
Glipizide_428,Mental_SERT_v0,0
Glipizide_429,Diabetes_AMPK_v12,1
Glipizide_429,Mental_SERT_v0,0
Glipizide_430,Diabetes_AMPK_v12,1
Glipizide_430,Antibiotic_PBP_v0,0
Metformin_431,Diabetes_AMPK_v13,1
Metformin_431,Antibiotic_PBP_v0,0
Metformin_432,Diabetes_AMPK_v13,1
Metformin_433,Diabetes_AMPK_v13,1
Metformin_434,Diabetes_AMPK_v13,1
Metformin_434,Antibiotic_PBP_v0,0
Metformin_435,Diabetes_AMPK_v13,1
Metformin_435,Mental_SERT_v0,0
Glipizide_436,Diabetes_AMPK_v13,1
Glipizide_436,Antibiotic_PBP_v0,0
Glipizide_437,Diabetes_AMPK_v13,1
Glipizide_438,Diabetes_AMPK_v13,1
Glipizide_438,Pain_COX2_v0,0
Glipizide_439,Diabetes_AMPK_v13,1
Glipizide_439,Mental_SERT_v0,0
Glipizide_440,Diabetes_AMPK_v13,1
Metformin_441,Diabetes_AMPK_v14,1
Metformin_441,Antibiotic_PBP_v0,0
Metformin_442,Diabetes_AMPK_v14,1
Metformin_442,Pain_COX2_v0,0
Metformin_443,Diabetes_AMPK_v14,1
Metformin_443,Pain_COX2_v0,0
Metformin_444,Diabetes_AMPK_v14,1
Metformin_444,Antibiotic_PBP_v0,0
Metformin_445,Diabetes_AMPK_v14,1
Metformin_445,Cancer_ABL1_v0,0
Glipizide_446,Diabetes_AMPK_v14,1
Glipizide_447,Diabetes_AMPK_v14,1
Glipizide_447,Mental_SERT_v0,0
Glipizide_448,Diabetes_AMPK_v14,1
Glipizide_448,Antibiotic_PBP_v0,0
Glipizide_449,Diabetes_AMPK_v14,1
Glipizide_449,Mental_SERT_v0,0
Glipizide_450,Diabetes_AMPK_v14,1
Glipizide_450,Cancer_ABL1_v0,0
Prozac_451,Mental_SERT_v0,1
Prozac_451,Pain_COX2_v0,0
Prozac_452,Mental_SERT_v0,1
Prozac_452,Antibiotic_PBP_v0,0
Prozac_453,Mental_SERT_v0,1
Prozac_454,Mental_SERT_v0,1
Prozac_454,Pain_COX2_v0,0
Prozac_455,Mental_SERT_v0,1
Prozac_455,Antibiotic_PBP_v0,0
Zoloft_456,Mental_SERT_v0,1
Zoloft_456,Antibiotic_PBP_v0,0
Zoloft_457,Mental_SERT_v0,1
Zoloft_458,Mental_SERT_v0,1
Zoloft_458,Antibiotic_PBP_v0,0
Zoloft_459,Mental_SERT_v0,1
Zoloft_460,Mental_SERT_v0,1
Zoloft_460,Cancer_ABL1_v0,0
Prozac_461,Mental_SERT_v1,1
Prozac_461,Antibiotic_PBP_v0,0
Prozac_462,Mental_SERT_v1,1
Prozac_462,Cancer_ABL1_v0,0
Prozac_463,Mental_SERT_v1,1
Prozac_463,Diabetes_AMPK_v0,0
Prozac_464,Mental_SERT_v1,1
Prozac_465,Mental_SERT_v1,1
Prozac_465,Pain_COX2_v0,0
Zoloft_466,Mental_SERT_v1,1
Zoloft_467,Mental_SERT_v1,1
Zoloft_467,Antibiotic_PBP_v0,0
Zoloft_468,Mental_SERT_v1,1
Zoloft_468,Antibiotic_PBP_v0,0
Zoloft_469,Mental_SERT_v1,1
Zoloft_469,Antibiotic_PBP_v0,0
Zoloft_470,Mental_SERT_v1,1
Zoloft_470,Antibiotic_PBP_v0,0
Prozac_471,Mental_SERT_v2,1
Prozac_472,Mental_SERT_v2,1
Prozac_472,Antibiotic_PBP_v0,0
Prozac_473,Mental_SERT_v2,1
Prozac_474,Mental_SERT_v2,1
Prozac_474,Pain_COX2_v0,0
Prozac_475,Mental_SERT_v2,1
Prozac_475,Antibiotic_PBP_v0,0
Zoloft_476,Mental_SERT_v2,1
Zoloft_476,Pain_COX2_v0,0
Zoloft_477,Mental_SERT_v2,1
Zoloft_477,Cancer_ABL1_v0,0
Zoloft_478,Mental_SERT_v2,1
Zoloft_478,Pain_COX2_v0,0
Zoloft_479,Mental_SERT_v2,1
Zoloft_479,Diabetes_AMPK_v0,0
Zoloft_480,Mental_SERT_v2,1
Zoloft_480,Diabetes_AMPK_v0,0
Prozac_481,Mental_SERT_v3,1
Prozac_481,Diabetes_AMPK_v0,0
Prozac_482,Mental_SERT_v3,1
Prozac_483,Mental_SERT_v3,1
Prozac_484,Mental_SERT_v3,1
Prozac_484,Diabetes_AMPK_v0,0
Prozac_485,Mental_SERT_v3,1
Prozac_485,Pain_COX2_v0,0
Zoloft_486,Mental_SERT_v3,1
Zoloft_486,Cancer_ABL1_v0,0
Zoloft_487,Mental_SERT_v3,1
Zoloft_488,Mental_SERT_v3,1
Zoloft_488,Cancer_ABL1_v0,0
Zoloft_489,Mental_SERT_v3,1
Zoloft_489,Diabetes_AMPK_v0,0
Zoloft_490,Mental_SERT_v3,1
Zoloft_490,Pain_COX2_v0,0
Prozac_491,Mental_SERT_v4,1
Prozac_491,Cancer_ABL1_v0,0
Prozac_492,Mental_SERT_v4,1
Prozac_492,Cancer_ABL1_v0,0
Prozac_493,Mental_SERT_v4,1
Prozac_493,Antibiotic_PBP_v0,0
Prozac_494,Mental_SERT_v4,1
Prozac_494,Antibiotic_PBP_v0,0
Prozac_495,Mental_SERT_v4,1
Zoloft_496,Mental_SERT_v4,1
Zoloft_497,Mental_SERT_v4,1
Zoloft_497,Diabetes_AMPK_v0,0
Zoloft_498,Mental_SERT_v4,1
Zoloft_499,Mental_SERT_v4,1
Zoloft_499,Antibiotic_PBP_v0,0
Zoloft_500,Mental_SERT_v4,1
Zoloft_500,Antibiotic_PBP_v0,0
Prozac_501,Mental_SERT_v5,1
Prozac_502,Mental_SERT_v5,1
Prozac_502,Pain_COX2_v0,0
Prozac_503,Mental_SERT_v5,1
Prozac_503,Cancer_ABL1_v0,0
Prozac_504,Mental_SERT_v5,1
Prozac_504,Cancer_ABL1_v0,0
Prozac_505,Mental_SERT_v5,1
Prozac_505,Cancer_ABL1_v0,0
Zoloft_506,Mental_SERT_v5,1
Zoloft_506,Diabetes_AMPK_v0,0
Zoloft_507,Mental_SERT_v5,1
Zoloft_507,Cancer_ABL1_v0,0
Zoloft_508,Mental_SERT_v5,1
Zoloft_508,Cancer_ABL1_v0,0
Zoloft_509,Mental_SERT_v5,1
Zoloft_509,Diabetes_AMPK_v0,0
Zoloft_510,Mental_SERT_v5,1
Prozac_511,Mental_SERT_v6,1
Prozac_511,Antibiotic_PBP_v0,0
Prozac_512,Mental_SERT_v6,1
Prozac_512,Pain_COX2_v0,0
Prozac_513,Mental_SERT_v6,1
Prozac_513,Antibiotic_PBP_v0,0
Prozac_514,Mental_SERT_v6,1
Prozac_514,Pain_COX2_v0,0
Prozac_515,Mental_SERT_v6,1
Prozac_515,Antibiotic_PBP_v0,0
Zoloft_516,Mental_SERT_v6,1
Zoloft_516,Cancer_ABL1_v0,0
Zoloft_517,Mental_SERT_v6,1
Zoloft_518,Mental_SERT_v6,1
Zoloft_518,Cancer_ABL1_v0,0
Zoloft_519,Mental_SERT_v6,1
Zoloft_519,Diabetes_AMPK_v0,0
Zoloft_520,Mental_SERT_v6,1
Zoloft_520,Antibiotic_PBP_v0,0
Prozac_521,Mental_SERT_v7,1
Prozac_521,Diabetes_AMPK_v0,0
Prozac_522,Mental_SERT_v7,1
Prozac_522,Diabetes_AMPK_v0,0
Prozac_523,Mental_SERT_v7,1
Prozac_523,Pain_COX2_v0,0
Prozac_524,Mental_SERT_v7,1
Prozac_524,Pain_COX2_v0,0
Prozac_525,Mental_SERT_v7,1
Prozac_525,Antibiotic_PBP_v0,0
Zoloft_526,Mental_SERT_v7,1
Zoloft_526,Pain_COX2_v0,0
Zoloft_527,Mental_SERT_v7,1
Zoloft_527,Cancer_ABL1_v0,0
Zoloft_528,Mental_SERT_v7,1
Zoloft_528,Diabetes_AMPK_v0,0
Zoloft_529,Mental_SERT_v7,1
Zoloft_529,Pain_COX2_v0,0
Zoloft_530,Mental_SERT_v7,1
Prozac_531,Mental_SERT_v8,1
Prozac_532,Mental_SERT_v8,1
Prozac_532,Cancer_ABL1_v0,0
Prozac_533,Mental_SERT_v8,1
Prozac_533,Diabetes_AMPK_v0,0
Prozac_534,Mental_SERT_v8,1
Prozac_534,Antibiotic_PBP_v0,0
Prozac_535,Mental_SERT_v8,1
Zoloft_536,Mental_SERT_v8,1
Zoloft_536,Diabetes_AMPK_v0,0
Zoloft_537,Mental_SERT_v8,1
Zoloft_537,Pain_COX2_v0,0
Zoloft_538,Mental_SERT_v8,1
Zoloft_538,Antibiotic_PBP_v0,0
Zoloft_539,Mental_SERT_v8,1
Zoloft_539,Cancer_ABL1_v0,0
Zoloft_540,Mental_SERT_v8,1
Zoloft_540,Diabetes_AMPK_v0,0
Prozac_541,Mental_SERT_v9,1
Prozac_541,Antibiotic_PBP_v0,0
Prozac_542,Mental_SERT_v9,1
Prozac_542,Diabetes_AMPK_v0,0
Prozac_543,Mental_SERT_v9,1
Prozac_543,Cancer_ABL1_v0,0
Prozac_544,Mental_SERT_v9,1
Prozac_544,Antibiotic_PBP_v0,0
Prozac_545,Mental_SERT_v9,1
Prozac_545,Antibiotic_PBP_v0,0
Zoloft_546,Mental_SERT_v9,1
Zoloft_546,Antibiotic_PBP_v0,0
Zoloft_547,Mental_SERT_v9,1
Zoloft_548,Mental_SERT_v9,1
Zoloft_548,Antibiotic_PBP_v0,0
Zoloft_549,Mental_SERT_v9,1
Zoloft_550,Mental_SERT_v9,1
Zoloft_550,Cancer_ABL1_v0,0
Prozac_551,Mental_SERT_v10,1
Prozac_551,Pain_COX2_v0,0
Prozac_552,Mental_SERT_v10,1
Prozac_552,Antibiotic_PBP_v0,0
Prozac_553,Mental_SERT_v10,1
Prozac_553,Cancer_ABL1_v0,0
Prozac_554,Mental_SERT_v10,1
Prozac_554,Antibiotic_PBP_v0,0
Prozac_555,Mental_SERT_v10,1
Prozac_555,Diabetes_AMPK_v0,0
Zoloft_556,Mental_SERT_v10,1
Zoloft_556,Pain_COX2_v0,0
Zoloft_557,Mental_SERT_v10,1
Zoloft_557,Pain_COX2_v0,0
Zoloft_558,Mental_SERT_v10,1
Zoloft_558,Diabetes_AMPK_v0,0
Zoloft_559,Mental_SERT_v10,1
Zoloft_559,Cancer_ABL1_v0,0
Zoloft_560,Mental_SERT_v10,1
Zoloft_560,Cancer_ABL1_v0,0
Prozac_561,Mental_SERT_v11,1
Prozac_561,Antibiotic_PBP_v0,0
Prozac_562,Mental_SERT_v11,1
Prozac_562,Cancer_ABL1_v0,0
Prozac_563,Mental_SERT_v11,1
Prozac_563,Diabetes_AMPK_v0,0
Prozac_564,Mental_SERT_v11,1
Prozac_564,Cancer_ABL1_v0,0
Prozac_565,Mental_SERT_v11,1
Prozac_565,Pain_COX2_v0,0
Zoloft_566,Mental_SERT_v11,1
Zoloft_566,Diabetes_AMPK_v0,0
Zoloft_567,Mental_SERT_v11,1
Zoloft_567,Pain_COX2_v0,0
Zoloft_568,Mental_SERT_v11,1
Zoloft_568,Antibiotic_PBP_v0,0
Zoloft_569,Mental_SERT_v11,1
Zoloft_569,Pain_COX2_v0,0
Zoloft_570,Mental_SERT_v11,1
Prozac_571,Mental_SERT_v12,1
Prozac_572,Mental_SERT_v12,1
Prozac_572,Pain_COX2_v0,0
Prozac_573,Mental_SERT_v12,1
Prozac_574,Mental_SERT_v12,1
Prozac_575,Mental_SERT_v12,1
Prozac_575,Pain_COX2_v0,0
Zoloft_576,Mental_SERT_v12,1
Zoloft_577,Mental_SERT_v12,1
Zoloft_577,Diabetes_AMPK_v0,0
Zoloft_578,Mental_SERT_v12,1
Zoloft_578,Antibiotic_PBP_v0,0
Zoloft_579,Mental_SERT_v12,1
Zoloft_579,Antibiotic_PBP_v0,0
Zoloft_580,Mental_SERT_v12,1
Zoloft_580,Antibiotic_PBP_v0,0
Prozac_581,Mental_SERT_v13,1
Prozac_582,Mental_SERT_v13,1
Prozac_582,Antibiotic_PBP_v0,0
Prozac_583,Mental_SERT_v13,1
Prozac_584,Mental_SERT_v13,1
Prozac_584,Pain_COX2_v0,0
Prozac_585,Mental_SERT_v13,1
Zoloft_586,Mental_SERT_v13,1
Zoloft_586,Diabetes_AMPK_v0,0
Zoloft_587,Mental_SERT_v13,1
Zoloft_587,Diabetes_AMPK_v0,0
Zoloft_588,Mental_SERT_v13,1
Zoloft_588,Pain_COX2_v0,0
Zoloft_589,Mental_SERT_v13,1
Zoloft_590,Mental_SERT_v13,1
Prozac_591,Mental_SERT_v14,1
Prozac_591,Cancer_ABL1_v0,0
Prozac_592,Mental_SERT_v14,1
Prozac_593,Mental_SERT_v14,1
Prozac_593,Diabetes_AMPK_v0,0
Prozac_594,Mental_SERT_v14,1
Prozac_594,Diabetes_AMPK_v0,0
Prozac_595,Mental_SERT_v14,1
Prozac_595,Antibiotic_PBP_v0,0
Zoloft_596,Mental_SERT_v14,1
Zoloft_596,Diabetes_AMPK_v0,0
Zoloft_597,Mental_SERT_v14,1
Zoloft_597,Pain_COX2_v0,0
Zoloft_598,Mental_SERT_v14,1
Zoloft_598,Cancer_ABL1_v0,0
Zoloft_599,Mental_SERT_v14,1
Zoloft_599,Antibiotic_PBP_v0,0
Zoloft_600,Mental_SERT_v14,1
Penicillin_601,Antibiotic_PBP_v0,1
Penicillin_601,Pain_COX2_v0,0
Penicillin_602,Antibiotic_PBP_v0,1
Penicillin_603,Antibiotic_PBP_v0,1
Penicillin_603,Pain_COX2_v0,0
Penicillin_604,Antibiotic_PBP_v0,1
Penicillin_605,Antibiotic_PBP_v0,1
Amoxicillin_606,Antibiotic_PBP_v0,1
Amoxicillin_606,Cancer_ABL1_v0,0
Amoxicillin_607,Antibiotic_PBP_v0,1
Amoxicillin_607,Pain_COX2_v0,0
Amoxicillin_608,Antibiotic_PBP_v0,1
Amoxicillin_608,Cancer_ABL1_v0,0
Amoxicillin_609,Antibiotic_PBP_v0,1
Amoxicillin_609,Pain_COX2_v0,0
Amoxicillin_610,Antibiotic_PBP_v0,1
Amoxicillin_610,Cancer_ABL1_v0,0
Penicillin_611,Antibiotic_PBP_v1,1
Penicillin_611,Diabetes_AMPK_v0,0
Penicillin_612,Antibiotic_PBP_v1,1
Penicillin_612,Cancer_ABL1_v0,0
Penicillin_613,Antibiotic_PBP_v1,1
Penicillin_613,Cancer_ABL1_v0,0
Penicillin_614,Antibiotic_PBP_v1,1
Penicillin_614,Pain_COX2_v0,0
Penicillin_615,Antibiotic_PBP_v1,1
Penicillin_615,Cancer_ABL1_v0,0
Amoxicillin_616,Antibiotic_PBP_v1,1
Amoxicillin_616,Pain_COX2_v0,0
Amoxicillin_617,Antibiotic_PBP_v1,1
Amoxicillin_618,Antibiotic_PBP_v1,1
Amoxicillin_618,Mental_SERT_v0,0
Amoxicillin_619,Antibiotic_PBP_v1,1
Amoxicillin_619,Pain_COX2_v0,0
Amoxicillin_620,Antibiotic_PBP_v1,1
Amoxicillin_620,Mental_SERT_v0,0
Penicillin_621,Antibiotic_PBP_v2,1
Penicillin_622,Antibiotic_PBP_v2,1
Penicillin_622,Pain_COX2_v0,0
Penicillin_623,Antibiotic_PBP_v2,1
Penicillin_623,Mental_SERT_v0,0
Penicillin_624,Antibiotic_PBP_v2,1
Penicillin_624,Cancer_ABL1_v0,0
Penicillin_625,Antibiotic_PBP_v2,1
Penicillin_625,Cancer_ABL1_v0,0
Amoxicillin_626,Antibiotic_PBP_v2,1
Amoxicillin_626,Pain_COX2_v0,0
Amoxicillin_627,Antibiotic_PBP_v2,1
Amoxicillin_627,Cancer_ABL1_v0,0
Amoxicillin_628,Antibiotic_PBP_v2,1
Amoxicillin_628,Mental_SERT_v0,0
Amoxicillin_629,Antibiotic_PBP_v2,1
Amoxicillin_630,Antibiotic_PBP_v2,1
Penicillin_631,Antibiotic_PBP_v3,1
Penicillin_632,Antibiotic_PBP_v3,1
Penicillin_632,Diabetes_AMPK_v0,0
Penicillin_633,Antibiotic_PBP_v3,1
Penicillin_633,Mental_SERT_v0,0
Penicillin_634,Antibiotic_PBP_v3,1
Penicillin_634,Cancer_ABL1_v0,0
Penicillin_635,Antibiotic_PBP_v3,1
Penicillin_635,Mental_SERT_v0,0
Amoxicillin_636,Antibiotic_PBP_v3,1
Amoxicillin_636,Cancer_ABL1_v0,0
Amoxicillin_637,Antibiotic_PBP_v3,1
Amoxicillin_637,Cancer_ABL1_v0,0
Amoxicillin_638,Antibiotic_PBP_v3,1
Amoxicillin_638,Cancer_ABL1_v0,0
Amoxicillin_639,Antibiotic_PBP_v3,1
Amoxicillin_639,Pain_COX2_v0,0
Amoxicillin_640,Antibiotic_PBP_v3,1
Amoxicillin_640,Cancer_ABL1_v0,0
Penicillin_641,Antibiotic_PBP_v4,1
Penicillin_641,Diabetes_AMPK_v0,0
Penicillin_642,Antibiotic_PBP_v4,1
Penicillin_642,Pain_COX2_v0,0
Penicillin_643,Antibiotic_PBP_v4,1
Penicillin_643,Pain_COX2_v0,0
Penicillin_644,Antibiotic_PBP_v4,1
Penicillin_644,Diabetes_AMPK_v0,0
Penicillin_645,Antibiotic_PBP_v4,1
Penicillin_645,Cancer_ABL1_v0,0
Amoxicillin_646,Antibiotic_PBP_v4,1
Amoxicillin_647,Antibiotic_PBP_v4,1
Amoxicillin_647,Diabetes_AMPK_v0,0
Amoxicillin_648,Antibiotic_PBP_v4,1
Amoxicillin_648,Pain_COX2_v0,0
Amoxicillin_649,Antibiotic_PBP_v4,1
Amoxicillin_650,Antibiotic_PBP_v4,1
Penicillin_651,Antibiotic_PBP_v5,1
Penicillin_651,Cancer_ABL1_v0,0
Penicillin_652,Antibiotic_PBP_v5,1
Penicillin_652,Mental_SERT_v0,0
Penicillin_653,Antibiotic_PBP_v5,1
Penicillin_654,Antibiotic_PBP_v5,1
Penicillin_654,Diabetes_AMPK_v0,0
Penicillin_655,Antibiotic_PBP_v5,1
Penicillin_655,Cancer_ABL1_v0,0
Amoxicillin_656,Antibiotic_PBP_v5,1
Amoxicillin_656,Diabetes_AMPK_v0,0
Amoxicillin_657,Antibiotic_PBP_v5,1
Amoxicillin_657,Pain_COX2_v0,0
Amoxicillin_658,Antibiotic_PBP_v5,1
Amoxicillin_659,Antibiotic_PBP_v5,1
Amoxicillin_659,Cancer_ABL1_v0,0
Amoxicillin_660,Antibiotic_PBP_v5,1
Amoxicillin_660,Mental_SERT_v0,0
Penicillin_661,Antibiotic_PBP_v6,1
Penicillin_661,Pain_COX2_v0,0
Penicillin_662,Antibiotic_PBP_v6,1
Penicillin_662,Pain_COX2_v0,0
Penicillin_663,Antibiotic_PBP_v6,1
Penicillin_664,Antibiotic_PBP_v6,1
Penicillin_665,Antibiotic_PBP_v6,1
Amoxicillin_666,Antibiotic_PBP_v6,1
Amoxicillin_666,Mental_SERT_v0,0
Amoxicillin_667,Antibiotic_PBP_v6,1
Amoxicillin_668,Antibiotic_PBP_v6,1
Amoxicillin_669,Antibiotic_PBP_v6,1
Amoxicillin_669,Diabetes_AMPK_v0,0
Amoxicillin_670,Antibiotic_PBP_v6,1
Amoxicillin_670,Diabetes_AMPK_v0,0
Penicillin_671,Antibiotic_PBP_v7,1
Penicillin_671,Pain_COX2_v0,0
Penicillin_672,Antibiotic_PBP_v7,1
Penicillin_673,Antibiotic_PBP_v7,1
Penicillin_673,Pain_COX2_v0,0
Penicillin_674,Antibiotic_PBP_v7,1
Penicillin_674,Pain_COX2_v0,0
Penicillin_675,Antibiotic_PBP_v7,1
Penicillin_675,Mental_SERT_v0,0
Amoxicillin_676,Antibiotic_PBP_v7,1
Amoxicillin_676,Pain_COX2_v0,0
Amoxicillin_677,Antibiotic_PBP_v7,1
Amoxicillin_678,Antibiotic_PBP_v7,1
Amoxicillin_679,Antibiotic_PBP_v7,1
Amoxicillin_680,Antibiotic_PBP_v7,1
Penicillin_681,Antibiotic_PBP_v8,1
Penicillin_681,Mental_SERT_v0,0
Penicillin_682,Antibiotic_PBP_v8,1
Penicillin_682,Cancer_ABL1_v0,0
Penicillin_683,Antibiotic_PBP_v8,1
Penicillin_683,Diabetes_AMPK_v0,0
Penicillin_684,Antibiotic_PBP_v8,1
Penicillin_684,Diabetes_AMPK_v0,0
Penicillin_685,Antibiotic_PBP_v8,1
Amoxicillin_686,Antibiotic_PBP_v8,1
Amoxicillin_686,Mental_SERT_v0,0
Amoxicillin_687,Antibiotic_PBP_v8,1
Amoxicillin_687,Cancer_ABL1_v0,0
Amoxicillin_688,Antibiotic_PBP_v8,1
Amoxicillin_688,Pain_COX2_v0,0
Amoxicillin_689,Antibiotic_PBP_v8,1
Amoxicillin_690,Antibiotic_PBP_v8,1
Amoxicillin_690,Cancer_ABL1_v0,0
Penicillin_691,Antibiotic_PBP_v9,1
Penicillin_692,Antibiotic_PBP_v9,1
Penicillin_692,Mental_SERT_v0,0
Penicillin_693,Antibiotic_PBP_v9,1
Penicillin_693,Pain_COX2_v0,0
Penicillin_694,Antibiotic_PBP_v9,1
Penicillin_694,Diabetes_AMPK_v0,0
Penicillin_695,Antibiotic_PBP_v9,1
Penicillin_695,Mental_SERT_v0,0
Amoxicillin_696,Antibiotic_PBP_v9,1
Amoxicillin_696,Diabetes_AMPK_v0,0
Amoxicillin_697,Antibiotic_PBP_v9,1
Amoxicillin_697,Cancer_ABL1_v0,0
Amoxicillin_698,Antibiotic_PBP_v9,1
Amoxicillin_698,Diabetes_AMPK_v0,0
Amoxicillin_699,Antibiotic_PBP_v9,1
Amoxicillin_699,Pain_COX2_v0,0
Amoxicillin_700,Antibiotic_PBP_v9,1
Penicillin_701,Antibiotic_PBP_v10,1
Penicillin_701,Cancer_ABL1_v0,0
Penicillin_702,Antibiotic_PBP_v10,1
Penicillin_703,Antibiotic_PBP_v10,1
Penicillin_703,Mental_SERT_v0,0
Penicillin_704,Antibiotic_PBP_v10,1
Penicillin_704,Diabetes_AMPK_v0,0
Penicillin_705,Antibiotic_PBP_v10,1
Penicillin_705,Cancer_ABL1_v0,0
Amoxicillin_706,Antibiotic_PBP_v10,1
Amoxicillin_706,Pain_COX2_v0,0
Amoxicillin_707,Antibiotic_PBP_v10,1
Amoxicillin_708,Antibiotic_PBP_v10,1
Amoxicillin_708,Diabetes_AMPK_v0,0
Amoxicillin_709,Antibiotic_PBP_v10,1
Amoxicillin_709,Diabetes_AMPK_v0,0
Amoxicillin_710,Antibiotic_PBP_v10,1
Amoxicillin_710,Diabetes_AMPK_v0,0
Penicillin_711,Antibiotic_PBP_v11,1
Penicillin_711,Cancer_ABL1_v0,0
Penicillin_712,Antibiotic_PBP_v11,1
Penicillin_712,Pain_COX2_v0,0
Penicillin_713,Antibiotic_PBP_v11,1
Penicillin_714,Antibiotic_PBP_v11,1
Penicillin_714,Cancer_ABL1_v0,0
Penicillin_715,Antibiotic_PBP_v11,1
Penicillin_715,Cancer_ABL1_v0,0
Amoxicillin_716,Antibiotic_PBP_v11,1
Amoxicillin_716,Pain_COX2_v0,0
Amoxicillin_717,Antibiotic_PBP_v11,1
Amoxicillin_717,Mental_SERT_v0,0
Amoxicillin_718,Antibiotic_PBP_v11,1
Amoxicillin_718,Mental_SERT_v0,0
Amoxicillin_719,Antibiotic_PBP_v11,1
Amoxicillin_719,Diabetes_AMPK_v0,0
Amoxicillin_720,Antibiotic_PBP_v11,1
Amoxicillin_720,Cancer_ABL1_v0,0
Penicillin_721,Antibiotic_PBP_v12,1
Penicillin_721,Mental_SERT_v0,0
Penicillin_722,Antibiotic_PBP_v12,1
Penicillin_722,Cancer_ABL1_v0,0
Penicillin_723,Antibiotic_PBP_v12,1
Penicillin_724,Antibiotic_PBP_v12,1
Penicillin_724,Cancer_ABL1_v0,0
Penicillin_725,Antibiotic_PBP_v12,1
Penicillin_725,Cancer_ABL1_v0,0
Amoxicillin_726,Antibiotic_PBP_v12,1
Amoxicillin_726,Pain_COX2_v0,0
Amoxicillin_727,Antibiotic_PBP_v12,1
Amoxicillin_727,Diabetes_AMPK_v0,0
Amoxicillin_728,Antibiotic_PBP_v12,1
Amoxicillin_728,Pain_COX2_v0,0
Amoxicillin_729,Antibiotic_PBP_v12,1
Amoxicillin_729,Pain_COX2_v0,0
Amoxicillin_730,Antibiotic_PBP_v12,1
Penicillin_731,Antibiotic_PBP_v13,1
Penicillin_731,Cancer_ABL1_v0,0
Penicillin_732,Antibiotic_PBP_v13,1
Penicillin_732,Pain_COX2_v0,0
Penicillin_733,Antibiotic_PBP_v13,1
Penicillin_733,Mental_SERT_v0,0
Penicillin_734,Antibiotic_PBP_v13,1
Penicillin_734,Mental_SERT_v0,0
Penicillin_735,Antibiotic_PBP_v13,1
Amoxicillin_736,Antibiotic_PBP_v13,1
Amoxicillin_736,Cancer_ABL1_v0,0
Amoxicillin_737,Antibiotic_PBP_v13,1
Amoxicillin_737,Pain_COX2_v0,0
Amoxicillin_738,Antibiotic_PBP_v13,1
Amoxicillin_738,Diabetes_AMPK_v0,0
Amoxicillin_739,Antibiotic_PBP_v13,1
Amoxicillin_739,Diabetes_AMPK_v0,0
Amoxicillin_740,Antibiotic_PBP_v13,1
Amoxicillin_740,Diabetes_AMPK_v0,0
Penicillin_741,Antibiotic_PBP_v14,1
Penicillin_741,Mental_SERT_v0,0
Penicillin_742,Antibiotic_PBP_v14,1
Penicillin_742,Pain_COX2_v0,0
Penicillin_743,Antibiotic_PBP_v14,1
Penicillin_743,Mental_SERT_v0,0
Penicillin_744,Antibiotic_PBP_v14,1
Penicillin_745,Antibiotic_PBP_v14,1
Penicillin_745,Cancer_ABL1_v0,0
Amoxicillin_746,Antibiotic_PBP_v14,1
Amoxicillin_746,Mental_SERT_v0,0
Amoxicillin_747,Antibiotic_PBP_v14,1
Amoxicillin_747,Cancer_ABL1_v0,0
Amoxicillin_748,Antibiotic_PBP_v14,1
Amoxicillin_749,Antibiotic_PBP_v14,1
Amoxicillin_749,Mental_SERT_v0,0
Amoxicillin_750,Antibiotic_PBP_v14,1
Amoxicillin_750,Diabetes_AMPK_v0,0
